{
    "saveWindowMode": true,
    "saveResolutionNum": 3,
    "saveBgmVolume": 0.20000001788139344,
    "saveEffectVolume": 0.30000001192092898
}