{
    "saveWindowMode": true,
    "saveResolutionNum": 3,
    "saveBgmVolume": 0.19999992847442628,
    "saveEffectVolume": 0.3999999165534973
}