{
    "saveWindowMode": true,
    "saveResolutionNum": 3,
    "saveBgmVolume": 1.4901161193847657e-8,
    "saveEffectVolume": 0.20000000298023225
}