{
    "saveWindowMode": true,
    "saveResolutionNum": 2,
    "saveBgmVolume": 0.10000001639127732,
    "saveEffectVolume": 0.4000000059604645
}