{
    "saveWindowMode": true,
    "saveResolutionNum": 4,
    "saveBgmVolume": 0.20000000298023225,
    "saveEffectVolume": 0.20000000298023225
}