{
    "saveWindowMode": true,
    "saveResolutionNum": 3,
    "saveBgmVolume": 0.10000000149011612,
    "saveEffectVolume": 0.10000000149011612
}