{
    "saveWindowMode": true,
    "saveResolutionNum": 2,
    "saveBgmVolume": 0.4000000059604645,
    "saveEffectVolume": 0.4000000059604645
}