{
    "saveWindowMode": true,
    "saveResolutionNum": 2,
    "saveBgmVolume": 0.30000001192092898,
    "saveEffectVolume": 0.30000001192092898
}